Times;CH1 CH 1;CH2 CH 2;CH3 CH 3;CH4 CH 4
0 ns;1;1;1;1
4.647 800 ms;1;1;0;1
4.648 800 ms;0;0;0;1
4.649 200 ms;0;1;0;1
4.649 800 ms;0;0;0;1
4.650 200 ms;0;1;0;1
4.650 800 ms;0;0;0;1
4.651 200 ms;0;1;0;1
4.651 800 ms;0;0;0;1
4.652 200 ms;0;1;0;1
4.652 800 ms;0;0;0;1
4.653 200 ms;0;1;0;1
4.653 800 ms;0;0;0;1
4.654 200 ms;0;1;0;1
4.654 800 ms;1;0;0;1
4.655 200 ms;1;1;0;1
4.655 800 ms;1;0;0;1
4.656 200 ms;1;1;0;1
4.659 200 ms;0;0;0;1
4.659 800 ms;0;1;0;1
4.660 200 ms;0;0;0;1
4.660 800 ms;0;1;0;1
4.661 200 ms;0;0;0;1
4.661 800 ms;0;1;0;1
4.662 200 ms;0;0;0;1
4.662 800 ms;0;1;0;1
4.663 200 ms;0;0;0;1
4.663 800 ms;0;1;0;1
4.664 200 ms;0;0;0;1
4.664 800 ms;0;1;0;1
4.665 200 ms;0;0;0;1
4.665 800 ms;0;1;0;1
4.666 200 ms;0;0;0;1
4.666 800 ms;0;1;0;1
4.667 800 ms;1;1;0;1
4.668 800 ms;0;1;0;1
4.669 800 ms;0;0;0;1
4.670 200 ms;0;1;0;1
4.670 800 ms;0;0;0;1
4.671 200 ms;0;1;0;1
4.671 800 ms;0;0;0;1
4.672 200 ms;0;1;0;1
4.672 800 ms;0;0;0;1
4.673 200 ms;0;1;0;1
4.673 800 ms;0;0;0;1
4.674 200 ms;0;1;0;1
4.674 800 ms;0;0;0;1
4.675 200 ms;0;1;0;1
4.675 800 ms;0;0;0;1
4.676 200 ms;0;1;0;1
4.676 800 ms;0;0;0;1
4.677 200 ms;0;1;0;1
4.678 200 ms;1;1;0;1
4.679 400 ms;0;1;0;1
4.680 400 ms;0;0;0;1
4.680 800 ms;0;1;0;1
4.681 400 ms;0;0;0;1
4.681 800 ms;0;1;0;1
4.682 400 ms;0;0;0;1
4.682 800 ms;0;1;0;1
4.683 400 ms;0;0;0;1
4.683 800 ms;0;1;0;1
4.684 400 ms;0;0;0;1
4.684 800 ms;0;1;0;1
4.685 400 ms;0;0;0;1
4.685 800 ms;0;1;0;1
4.686 400 ms;0;0;0;1
4.686 800 ms;0;1;0;1
4.687 400 ms;0;0;0;1
4.687 800 ms;0;1;0;1
4.688 800 ms;1;1;0;1
4.689 800 ms;0;1;0;1
4.690 800 ms;1;0;0;1
4.691 400 ms;1;1;0;1
4.691 800 ms;1;0;0;1
4.692 400 ms;1;1;0;1
4.692 800 ms;1;0;0;1
4.693 400 ms;1;1;0;1
4.693 800 ms;1;0;0;1
4.694 400 ms;1;1;0;1
4.694 800 ms;1;0;0;1
4.695 400 ms;1;1;0;1
4.695 800 ms;1;0;0;1
4.696 400 ms;1;1;0;1
4.696 800 ms;1;0;0;1
4.697 400 ms;1;1;0;1
4.697 800 ms;1;0;0;1
4.698 400 ms;1;1;0;1
4.701 400 ms;1;0;0;1
4.702 000 ms;1;1;0;1
4.702 400 ms;1;0;0;1
4.703 000 ms;1;1;0;1
4.703 400 ms;1;0;0;1
4.704 000 ms;1;1;0;1
4.704 400 ms;1;0;0;1
4.705 000 ms;1;1;0;1
4.705 400 ms;1;0;0;1
4.706 000 ms;1;1;0;1
4.706 400 ms;1;0;0;1
4.707 000 ms;1;1;0;1
4.707 400 ms;1;0;0;1
4.708 000 ms;1;1;0;1
4.708 400 ms;1;0;0;1
4.709 000 ms;1;1;0;1
4.712 000 ms;1;0;0;1
4.712 400 ms;1;1;0;1
4.713 000 ms;1;0;0;1
4.713 400 ms;1;1;0;1
4.714 000 ms;1;0;0;1
4.714 400 ms;1;1;0;1
4.715 000 ms;1;0;0;1
4.715 400 ms;1;1;0;1
4.716 000 ms;1;0;0;1
4.716 400 ms;1;1;0;1
4.717 000 ms;1;0;0;1
4.717 400 ms;1;1;0;1
4.718 000 ms;1;0;0;1
4.718 400 ms;1;1;0;1
4.719 000 ms;1;0;0;1
4.719 400 ms;1;1;0;1
4.722 400 ms;1;0;0;1
4.723 000 ms;1;1;0;1
4.723 400 ms;1;0;0;1
4.724 000 ms;1;1;0;1
4.724 400 ms;1;0;0;1
4.725 000 ms;1;1;0;1
4.725 400 ms;1;0;0;1
4.726 000 ms;1;1;0;1
4.726 400 ms;1;0;0;1
4.727 000 ms;1;1;0;1
4.727 400 ms;1;0;0;1
4.728 000 ms;1;1;0;1
4.728 400 ms;1;0;0;1
4.729 000 ms;1;1;0;1
4.729 400 ms;1;0;0;1
4.730 000 ms;1;1;0;1
4.733 000 ms;1;0;0;1
4.733 600 ms;1;1;0;1
4.734 000 ms;1;0;0;1
4.734 600 ms;1;1;0;1
4.735 000 ms;1;0;0;1
4.735 600 ms;1;1;0;1
4.736 000 ms;1;0;0;1
4.736 600 ms;1;1;0;1
4.737 000 ms;1;0;0;1
4.737 600 ms;1;1;0;1
4.738 000 ms;1;0;0;1
4.738 600 ms;1;1;0;1
4.739 000 ms;1;0;0;1
4.739 600 ms;1;1;0;1
4.740 000 ms;1;0;0;1
4.740 600 ms;1;1;0;1
4.743 600 ms;1;0;0;1
4.744 000 ms;1;1;0;1
4.744 600 ms;1;0;0;1
4.745 000 ms;1;1;0;1
4.745 600 ms;1;0;0;1
4.746 000 ms;1;1;0;1
4.746 600 ms;1;0;0;1
4.747 000 ms;1;1;0;1
4.747 600 ms;1;0;0;1
4.748 000 ms;1;1;0;1
4.748 600 ms;1;0;0;1
4.749 000 ms;1;1;0;1
4.749 600 ms;1;0;0;1
4.750 000 ms;1;1;0;1
4.750 600 ms;1;0;0;1
4.751 000 ms;1;1;0;1
4.754 200 ms;1;0;0;1
4.754 600 ms;1;1;0;1
4.755 200 ms;1;0;0;1
4.755 600 ms;1;1;0;1
4.756 200 ms;1;0;0;1
4.756 600 ms;1;1;0;1
4.757 200 ms;1;0;0;1
4.757 600 ms;1;1;0;1
4.758 200 ms;1;0;0;1
4.758 600 ms;1;1;0;1
4.759 200 ms;1;0;0;1
4.759 600 ms;1;1;0;1
4.760 200 ms;1;0;0;1
4.760 600 ms;1;1;0;1
4.761 200 ms;1;0;0;1
4.761 600 ms;1;1;0;1
4.764 600 ms;1;0;0;1
4.765 200 ms;1;1;0;1
4.765 600 ms;1;0;0;1
4.766 200 ms;1;1;0;1
4.766 600 ms;1;0;0;1
4.767 200 ms;1;1;0;1
4.767 600 ms;1;0;0;1
4.768 200 ms;1;1;0;1
4.768 600 ms;1;0;0;1
4.769 200 ms;1;1;0;1
4.769 600 ms;1;0;0;1
4.770 200 ms;1;1;0;1
4.770 600 ms;1;0;0;1
4.771 200 ms;1;1;0;1
4.771 600 ms;1;0;0;1
4.772 200 ms;1;1;0;1
4.775 200 ms;1;0;0;1
4.775 800 ms;1;1;0;1
4.776 200 ms;1;0;0;1
4.776 800 ms;1;1;0;1
4.777 200 ms;1;0;0;1
4.777 800 ms;1;1;0;1
4.778 200 ms;1;0;0;1
4.778 800 ms;1;1;0;1
4.779 200 ms;1;0;0;1
4.779 800 ms;1;1;0;1
4.780 200 ms;1;0;0;1
4.780 800 ms;1;1;0;1
4.781 200 ms;1;0;0;1
4.781 800 ms;1;1;0;1
4.782 200 ms;1;0;0;1
4.782 800 ms;1;1;0;1
4.785 800 ms;1;0;0;1
4.786 200 ms;1;1;0;1
4.786 800 ms;1;0;0;1
4.787 200 ms;1;1;0;1
4.787 800 ms;1;0;0;1
4.788 200 ms;1;1;0;1
4.788 800 ms;1;0;0;1
4.789 200 ms;1;1;0;1
4.789 800 ms;1;0;0;1
4.790 200 ms;1;1;0;1
4.790 800 ms;1;0;0;1
4.791 200 ms;1;1;0;1
4.791 800 ms;1;0;0;1
4.792 200 ms;1;1;0;1
4.792 800 ms;1;0;0;1
4.793 200 ms;1;1;0;1
4.796 200 ms;1;0;0;1
4.796 800 ms;1;1;0;1
4.797 200 ms;1;0;0;1
4.797 800 ms;1;1;0;1
4.798 200 ms;1;0;0;1
4.798 800 ms;1;1;0;1
4.799 200 ms;1;0;0;1
4.799 800 ms;1;1;0;1
4.800 200 ms;1;0;0;1
4.800 800 ms;1;1;0;1
4.801 200 ms;1;0;0;1
4.801 800 ms;1;1;0;1
4.802 200 ms;1;0;0;1
4.802 800 ms;1;1;0;1
4.803 200 ms;1;0;0;1
4.803 800 ms;1;1;0;1
4.806 800 ms;1;0;0;1
4.807 400 ms;1;1;0;1
4.807 800 ms;1;0;0;1
4.808 400 ms;1;1;0;1
4.808 800 ms;1;0;0;1
4.809 400 ms;1;1;0;1
4.809 800 ms;1;0;0;1
4.810 400 ms;1;1;0;1
4.810 800 ms;1;0;0;1
4.811 400 ms;1;1;0;1
4.811 800 ms;1;0;0;1
4.812 400 ms;1;1;0;1
4.812 800 ms;1;0;0;1
4.813 400 ms;1;1;0;1
4.813 800 ms;1;0;0;1
4.814 400 ms;1;1;0;1
4.817 400 ms;1;0;0;1
4.817 800 ms;1;1;0;1
4.818 400 ms;1;0;0;1
4.818 800 ms;1;1;0;1
4.819 400 ms;1;0;0;1
4.819 800 ms;1;1;0;1
4.820 400 ms;1;0;0;1
4.820 800 ms;1;1;0;1
4.821 400 ms;1;0;0;1
4.821 800 ms;1;1;0;1
4.822 400 ms;1;0;0;1
4.822 800 ms;1;1;0;1
4.823 400 ms;1;0;0;1
4.823 800 ms;1;1;0;1
4.824 400 ms;1;0;0;1
4.824 800 ms;1;1;0;1
4.828 000 ms;1;0;0;1
4.828 400 ms;1;1;0;1
4.829 000 ms;1;0;0;1
4.829 400 ms;1;1;0;1
4.830 000 ms;1;0;0;1
4.830 400 ms;1;1;0;1
4.831 000 ms;1;0;0;1
4.831 400 ms;1;1;0;1
4.832 000 ms;1;0;0;1
4.832 400 ms;1;1;0;1
4.833 000 ms;1;0;0;1
4.833 400 ms;1;1;0;1
4.834 000 ms;1;0;0;1
4.834 400 ms;1;1;0;1
4.835 000 ms;1;0;0;1
4.835 400 ms;1;1;0;1
4.838 400 ms;1;0;0;1
4.839 000 ms;1;1;0;1
4.839 400 ms;1;0;0;1
4.840 000 ms;1;1;0;1
4.840 400 ms;1;0;0;1
4.841 000 ms;1;1;0;1
4.841 400 ms;1;0;0;1
4.842 000 ms;1;1;0;1
4.842 400 ms;1;0;0;1
4.843 000 ms;1;1;0;1
4.843 400 ms;1;0;0;1
4.844 000 ms;1;1;0;1
4.844 400 ms;1;0;0;1
4.845 000 ms;1;1;0;1
4.845 400 ms;1;0;0;1
4.846 000 ms;1;1;0;1
4.849 000 ms;1;0;0;1
4.849 400 ms;1;1;0;1
4.850 000 ms;1;0;0;1
4.850 400 ms;1;1;0;1
4.851 000 ms;1;0;0;1
4.851 400 ms;1;1;0;1
4.852 000 ms;1;0;0;1
4.852 400 ms;1;1;0;1
4.853 000 ms;1;0;0;1
4.853 400 ms;1;1;0;1
4.854 000 ms;1;0;0;1
4.854 400 ms;1;1;0;1
4.855 000 ms;1;0;0;1
4.855 400 ms;1;1;0;1
4.856 000 ms;1;0;0;1
4.856 400 ms;1;1;0;1
4.858 800 ms;1;1;1;1
24.866 800 ms;1;1;0;1
24.867 800 ms;0;0;0;1
24.868 400 ms;0;1;0;1
24.868 800 ms;0;0;0;1
24.869 400 ms;0;1;0;1
24.869 800 ms;0;0;0;1
24.870 400 ms;0;1;0;1
24.870 800 ms;0;0;0;1
24.871 400 ms;0;1;0;1
24.871 800 ms;0;0;0;1
24.872 400 ms;0;1;0;1
24.872 800 ms;0;0;0;1
24.873 400 ms;0;1;0;1
24.873 800 ms;1;0;0;1
24.874 400 ms;1;1;0;1
24.874 800 ms;1;0;0;1
24.875 400 ms;1;1;0;1
24.878 400 ms;0;0;0;1
24.878 800 ms;0;1;0;1
24.879 400 ms;0;0;0;1
24.879 800 ms;0;1;0;1
24.880 400 ms;0;0;0;1
24.880 800 ms;0;1;0;1
24.881 400 ms;0;0;0;1
24.881 800 ms;0;1;0;1
24.882 400 ms;0;0;0;1
24.882 800 ms;0;1;0;1
24.883 400 ms;0;0;0;1
24.883 800 ms;0;1;0;1
24.884 400 ms;0;0;0;1
24.884 800 ms;0;1;0;1
24.885 400 ms;0;0;0;1
24.885 800 ms;0;1;0;1
24.886 800 ms;1;1;0;1
24.888 000 ms;0;1;0;1
24.889 000 ms;0;0;0;1
24.889 400 ms;0;1;0;1
24.890 000 ms;0;0;0;1
24.890 400 ms;0;1;0;1
24.891 000 ms;0;0;0;1
24.891 400 ms;0;1;0;1
24.892 000 ms;0;0;0;1
24.892 400 ms;0;1;0;1
24.893 000 ms;0;0;0;1
24.893 400 ms;0;1;0;1
24.894 000 ms;0;0;0;1
24.894 400 ms;0;1;0;1
24.895 000 ms;0;0;0;1
24.895 400 ms;0;1;0;1
24.896 000 ms;0;0;0;1
24.896 400 ms;0;1;0;1
24.897 400 ms;1;1;0;1
24.898 400 ms;0;1;0;1
24.899 400 ms;0;0;0;1
24.900 000 ms;0;1;0;1
24.900 400 ms;0;0;0;1
24.901 000 ms;0;1;0;1
24.901 400 ms;0;0;0;1
24.902 000 ms;0;1;0;1
24.902 400 ms;0;0;0;1
24.903 000 ms;0;1;0;1
24.903 400 ms;0;0;0;1
24.904 000 ms;0;1;0;1
24.904 400 ms;0;0;0;1
24.905 000 ms;0;1;0;1
24.905 400 ms;0;0;0;1
24.906 000 ms;0;1;0;1
24.906 400 ms;0;0;0;1
24.907 000 ms;0;1;0;1
24.908 000 ms;1;1;0;1
24.909 000 ms;0;1;0;1
24.910 000 ms;1;0;0;1
24.910 600 ms;1;1;0;1
24.911 000 ms;1;0;0;1
24.911 600 ms;1;1;0;1
24.912 000 ms;1;0;0;1
24.912 600 ms;1;1;0;1
24.913 000 ms;1;0;0;1
24.913 600 ms;1;1;0;1
24.914 000 ms;1;0;0;1
24.914 600 ms;1;1;0;1
24.915 000 ms;1;0;0;1
24.915 600 ms;1;1;0;1
24.916 000 ms;1;0;0;1
24.916 600 ms;1;1;0;1
24.917 000 ms;1;0;0;1
24.917 600 ms;1;1;0;1
24.920 600 ms;1;0;0;1
24.921 000 ms;1;1;0;1
24.921 600 ms;1;0;0;1
24.922 000 ms;1;1;0;1
24.922 600 ms;1;0;0;1
24.923 000 ms;1;1;0;1
24.923 600 ms;1;0;0;1
24.924 000 ms;1;1;0;1
24.924 600 ms;1;0;0;1
24.925 000 ms;1;1;0;1
24.925 600 ms;1;0;0;1
24.926 000 ms;1;1;0;1
24.926 600 ms;1;0;0;1
24.927 000 ms;1;1;0;1
24.927 600 ms;1;0;0;1
24.928 000 ms;1;1;0;1
24.931 000 ms;1;0;0;1
24.931 600 ms;1;1;0;1
24.932 000 ms;1;0;0;1
24.932 600 ms;1;1;0;1
24.933 000 ms;1;0;0;1
24.933 600 ms;1;1;0;1
24.934 000 ms;1;0;0;1
24.934 600 ms;1;1;0;1
24.935 000 ms;1;0;0;1
24.935 600 ms;1;1;0;1
24.936 000 ms;1;0;0;1
24.936 600 ms;1;1;0;1
24.937 000 ms;1;0;0;1
24.937 600 ms;1;1;0;1
24.938 000 ms;1;0;0;1
24.938 600 ms;1;1;0;1
24.941 600 ms;1;0;0;1
24.942 200 ms;1;1;0;1
24.942 600 ms;1;0;0;1
24.943 200 ms;1;1;0;1
24.943 600 ms;1;0;0;1
24.944 200 ms;1;1;0;1
24.944 600 ms;1;0;0;1
24.945 200 ms;1;1;0;1
24.945 600 ms;1;0;0;1
24.946 200 ms;1;1;0;1
24.946 600 ms;1;0;0;1
24.947 200 ms;1;1;0;1
24.947 600 ms;1;0;0;1
24.948 200 ms;1;1;0;1
24.948 600 ms;1;0;0;1
24.949 200 ms;1;1;0;1
24.952 200 ms;1;0;0;1
24.952 600 ms;1;1;0;1
24.953 200 ms;1;0;0;1
24.953 600 ms;1;1;0;1
24.954 200 ms;1;0;0;1
24.954 600 ms;1;1;0;1
24.955 200 ms;1;0;0;1
24.955 600 ms;1;1;0;1
24.956 200 ms;1;0;0;1
24.956 600 ms;1;1;0;1
24.957 200 ms;1;0;0;1
24.957 600 ms;1;1;0;1
24.958 200 ms;1;0;0;1
24.958 600 ms;1;1;0;1
24.959 200 ms;1;0;0;1
24.959 600 ms;1;1;0;1
24.962 800 ms;1;0;0;1
24.963 200 ms;1;1;0;1
24.963 800 ms;1;0;0;1
24.964 200 ms;1;1;0;1
24.964 800 ms;1;0;0;1
24.965 200 ms;1;1;0;1
24.965 800 ms;1;0;0;1
24.966 200 ms;1;1;0;1
24.966 800 ms;1;0;0;1
24.967 200 ms;1;1;0;1
24.967 800 ms;1;0;0;1
24.968 200 ms;1;1;0;1
24.968 800 ms;1;0;0;1
24.969 200 ms;1;1;0;1
24.969 800 ms;1;0;0;1
24.970 200 ms;1;1;0;1
24.973 200 ms;1;0;0;1
24.973 800 ms;1;1;0;1
24.974 200 ms;1;0;0;1
24.974 800 ms;1;1;0;1
24.975 200 ms;1;0;0;1
24.975 800 ms;1;1;0;1
24.976 200 ms;1;0;0;1
24.976 800 ms;1;1;0;1
24.977 200 ms;1;0;0;1
24.977 800 ms;1;1;0;1
24.978 200 ms;1;0;0;1
24.978 800 ms;1;1;0;1
24.979 200 ms;1;0;0;1
24.979 800 ms;1;1;0;1
24.980 200 ms;1;0;0;1
24.980 800 ms;1;1;0;1
24.983 800 ms;1;0;0;1
24.984 400 ms;1;1;0;1
24.984 800 ms;1;0;0;1
24.985 400 ms;1;1;0;1
24.985 800 ms;1;0;0;1
24.986 400 ms;1;1;0;1
24.986 800 ms;1;0;0;1
24.987 400 ms;1;1;0;1
24.987 800 ms;1;0;0;1
24.988 400 ms;1;1;0;1
24.988 800 ms;1;0;0;1
24.989 400 ms;1;1;0;1
24.989 800 ms;1;0;0;1
24.990 400 ms;1;1;0;1
24.990 800 ms;1;0;0;1
24.991 400 ms;1;1;0;1
24.994 400 ms;1;0;0;1
24.994 800 ms;1;1;0;1
24.995 400 ms;1;0;0;1
24.995 800 ms;1;1;0;1
24.996 400 ms;1;0;0;1
24.996 800 ms;1;1;0;1
24.997 400 ms;1;0;0;1
24.997 800 ms;1;1;0;1
24.998 400 ms;1;0;0;1
24.998 800 ms;1;1;0;1
24.999 400 ms;1;0;0;1
24.999 800 ms;1;1;0;1
25.000 400 ms;1;0;0;1
25.000 800 ms;1;1;0;1
25.001 400 ms;1;0;0;1
25.001 800 ms;1;1;0;1
25.004 800 ms;1;0;0;1
25.005 400 ms;1;1;0;1
25.005 800 ms;1;0;0;1
25.006 400 ms;1;1;0;1
25.006 800 ms;1;0;0;1
25.007 400 ms;1;1;0;1
25.007 800 ms;1;0;0;1
25.008 400 ms;1;1;0;1
25.008 800 ms;1;0;0;1
25.009 400 ms;1;1;0;1
25.009 800 ms;1;0;0;1
25.010 400 ms;1;1;0;1
25.010 800 ms;1;0;0;1
25.011 400 ms;1;1;0;1
25.011 800 ms;1;0;0;1
25.012 400 ms;1;1;0;1
25.015 400 ms;1;0;0;1
25.016 000 ms;1;1;0;1
25.016 400 ms;1;0;0;1
25.017 000 ms;1;1;0;1
25.017 400 ms;1;0;0;1
25.018 000 ms;1;1;0;1
25.018 400 ms;1;0;0;1
25.019 000 ms;1;1;0;1
25.019 400 ms;1;0;0;1
25.020 000 ms;1;1;0;1
25.020 400 ms;1;0;0;1
25.021 000 ms;1;1;0;1
25.021 400 ms;1;0;0;1
25.022 000 ms;1;1;0;1
25.022 400 ms;1;0;0;1
25.023 000 ms;1;1;0;1
25.026 000 ms;1;0;0;1
25.026 400 ms;1;1;0;1
25.027 000 ms;1;0;0;1
25.027 400 ms;1;1;0;1
25.028 000 ms;1;0;0;1
25.028 400 ms;1;1;0;1
25.029 000 ms;1;0;0;1
25.029 400 ms;1;1;0;1
25.030 000 ms;1;0;0;1
25.030 400 ms;1;1;0;1
25.031 000 ms;1;0;0;1
25.031 400 ms;1;1;0;1
25.032 000 ms;1;0;0;1
25.032 400 ms;1;1;0;1
25.033 000 ms;1;0;0;1
25.033 400 ms;1;1;0;1
25.036 600 ms;1;0;0;1
25.037 000 ms;1;1;0;1
25.037 600 ms;1;0;0;1
25.038 000 ms;1;1;0;1
25.038 600 ms;1;0;0;1
25.039 000 ms;1;1;0;1
25.039 600 ms;1;0;0;1
25.040 000 ms;1;1;0;1
25.040 600 ms;1;0;0;1
25.041 000 ms;1;1;0;1
25.041 600 ms;1;0;0;1
25.042 000 ms;1;1;0;1
25.042 600 ms;1;0;0;1
25.043 000 ms;1;1;0;1
25.043 600 ms;1;0;0;1
25.044 000 ms;1;1;0;1
25.047 000 ms;1;0;0;1
25.047 600 ms;1;1;0;1
25.048 000 ms;1;0;0;1
25.048 600 ms;1;1;0;1
25.049 000 ms;1;0;0;1
25.049 600 ms;1;1;0;1
25.050 000 ms;1;0;0;1
25.050 600 ms;1;1;0;1
25.051 000 ms;1;0;0;1
25.051 600 ms;1;1;0;1
25.052 000 ms;1;0;0;1
25.052 600 ms;1;1;0;1
25.053 000 ms;1;0;0;1
25.053 600 ms;1;1;0;1
25.054 000 ms;1;0;0;1
25.054 600 ms;1;1;0;1
25.057 600 ms;1;0;0;1
25.058 000 ms;1;1;0;1
25.058 600 ms;1;0;0;1
25.059 000 ms;1;1;0;1
25.059 600 ms;1;0;0;1
25.060 000 ms;1;1;0;1
25.060 600 ms;1;0;0;1
25.061 000 ms;1;1;0;1
25.061 600 ms;1;0;0;1
25.062 000 ms;1;1;0;1
25.062 600 ms;1;0;0;1
25.063 000 ms;1;1;0;1
25.063 600 ms;1;0;0;1
25.064 000 ms;1;1;0;1
25.064 600 ms;1;0;0;1
25.065 000 ms;1;1;0;1
25.068 200 ms;1;0;0;1
25.068 600 ms;1;1;0;1
25.069 200 ms;1;0;0;1
25.069 600 ms;1;1;0;1
25.070 200 ms;1;0;0;1
25.070 600 ms;1;1;0;1
25.071 200 ms;1;0;0;1
25.071 600 ms;1;1;0;1
25.072 200 ms;1;0;0;1
25.072 600 ms;1;1;0;1
25.073 200 ms;1;0;0;1
25.073 600 ms;1;1;0;1
25.074 200 ms;1;0;0;1
25.074 600 ms;1;1;0;1
25.075 200 ms;1;0;0;1
25.075 600 ms;1;1;0;1
25.078 000 ms;1;1;1;1
45.086 601 ms;1;1;0;1
45.087 601 ms;0;0;0;1
45.088 001 ms;0;1;0;1
45.088 601 ms;0;0;0;1
45.089 001 ms;0;1;0;1
45.089 601 ms;0;0;0;1
45.090 001 ms;0;1;0;1
45.090 601 ms;0;0;0;1
45.091 001 ms;0;1;0;1
45.091 601 ms;0;0;0;1
45.092 001 ms;0;1;0;1
45.092 601 ms;0;0;0;1
45.093 001 ms;0;1;0;1
45.093 601 ms;1;0;0;1
45.094 001 ms;1;1;0;1
45.094 601 ms;1;0;0;1
45.095 001 ms;1;1;0;1
45.098 001 ms;0;0;0;1
45.098 601 ms;0;1;0;1
45.099 001 ms;0;0;0;1
45.099 601 ms;0;1;0;1
45.100 001 ms;0;0;0;1
45.100 601 ms;0;1;0;1
45.101 001 ms;0;0;0;1
45.101 601 ms;0;1;0;1
45.102 001 ms;0;0;0;1
45.102 601 ms;0;1;0;1
45.103 001 ms;0;0;0;1
45.103 601 ms;0;1;0;1
45.104 001 ms;0;0;0;1
45.104 601 ms;0;1;0;1
45.105 001 ms;0;0;0;1
45.105 601 ms;0;1;0;1
45.106 601 ms;1;1;0;1
45.107 601 ms;0;1;0;1
45.108 601 ms;0;0;0;1
45.109 201 ms;0;1;0;1
45.109 601 ms;0;0;0;1
45.110 201 ms;0;1;0;1
45.110 601 ms;0;0;0;1
45.111 201 ms;0;1;0;1
45.111 601 ms;0;0;0;1
45.112 201 ms;0;1;0;1
45.112 601 ms;0;0;0;1
45.113 201 ms;0;1;0;1
45.113 601 ms;0;0;0;1
45.114 201 ms;0;1;0;1
45.114 601 ms;0;0;0;1
45.115 201 ms;0;1;0;1
45.115 601 ms;0;0;0;1
45.116 201 ms;0;1;0;1
45.117 201 ms;1;1;0;1
45.118 201 ms;0;1;0;1
45.119 201 ms;0;0;0;1
45.119 601 ms;0;1;0;1
45.120 201 ms;0;0;0;1
45.120 601 ms;0;1;0;1
45.121 201 ms;0;0;0;1
45.121 601 ms;0;1;0;1
45.122 201 ms;0;0;0;1
45.122 601 ms;0;1;0;1
45.123 201 ms;0;0;0;1
45.123 601 ms;0;1;0;1
45.124 201 ms;0;0;0;1
45.124 601 ms;0;1;0;1
45.125 201 ms;0;0;0;1
45.125 601 ms;0;1;0;1
45.126 201 ms;0;0;0;1
45.126 601 ms;0;1;0;1
45.127 601 ms;1;1;0;1
45.128 801 ms;0;1;0;1
45.129 801 ms;1;0;0;1
45.130 201 ms;1;1;0;1
45.130 801 ms;1;0;0;1
45.131 201 ms;1;1;0;1
45.131 801 ms;1;0;0;1
45.132 201 ms;1;1;0;1
45.132 801 ms;1;0;0;1
45.133 201 ms;1;1;0;1
45.133 801 ms;1;0;0;1
45.134 201 ms;1;1;0;1
45.134 801 ms;1;0;0;1
45.135 201 ms;1;1;0;1
45.135 801 ms;1;0;0;1
45.136 201 ms;1;1;0;1
45.136 801 ms;1;0;0;1
45.137 201 ms;1;1;0;1
45.140 201 ms;1;0;0;1
45.140 801 ms;1;1;0;1
45.141 201 ms;1;0;0;1
45.141 801 ms;1;1;0;1
45.142 201 ms;1;0;0;1
45.142 801 ms;1;1;0;1
45.143 201 ms;1;0;0;1
45.143 801 ms;1;1;0;1
45.144 201 ms;1;0;0;1
45.144 801 ms;1;1;0;1
45.145 201 ms;1;0;0;1
45.145 801 ms;1;1;0;1
45.146 201 ms;1;0;0;1
45.146 801 ms;1;1;0;1
45.147 201 ms;1;0;0;1
45.147 801 ms;1;1;0;1
45.150 801 ms;1;0;0;1
45.151 201 ms;1;1;0;1
45.151 801 ms;1;0;0;1
45.152 201 ms;1;1;0;1
45.152 801 ms;1;0;0;1
45.153 201 ms;1;1;0;1
45.153 801 ms;1;0;0;1
45.154 201 ms;1;1;0;1
45.154 801 ms;1;0;0;1
45.155 201 ms;1;1;0;1
45.155 801 ms;1;0;0;1
45.156 201 ms;1;1;0;1
45.156 801 ms;1;0;0;1
45.157 201 ms;1;1;0;1
45.157 801 ms;1;0;0;1
45.158 201 ms;1;1;0;1
45.161 401 ms;1;0;0;1
45.161 801 ms;1;1;0;1
45.162 401 ms;1;0;0;1
45.162 801 ms;1;1;0;1
45.163 401 ms;1;0;0;1
45.163 801 ms;1;1;0;1
45.164 401 ms;1;0;0;1
45.164 801 ms;1;1;0;1
45.165 401 ms;1;0;0;1
45.165 801 ms;1;1;0;1
45.166 401 ms;1;0;0;1
45.166 801 ms;1;1;0;1
45.167 401 ms;1;0;0;1
45.167 801 ms;1;1;0;1
45.168 401 ms;1;0;0;1
45.168 801 ms;1;1;0;1
45.171 801 ms;1;0;0;1
45.172 401 ms;1;1;0;1
45.172 801 ms;1;0;0;1
45.173 401 ms;1;1;0;1
45.173 801 ms;1;0;0;1
45.174 401 ms;1;1;0;1
45.174 801 ms;1;0;0;1
45.175 401 ms;1;1;0;1
45.175 801 ms;1;0;0;1
45.176 401 ms;1;1;0;1
45.176 801 ms;1;0;0;1
45.177 401 ms;1;1;0;1
45.177 801 ms;1;0;0;1
45.178 401 ms;1;1;0;1
45.178 801 ms;1;0;0;1
45.179 401 ms;1;1;0;1
45.182 401 ms;1;0;0;1
45.183 001 ms;1;1;0;1
45.183 401 ms;1;0;0;1
45.184 001 ms;1;1;0;1
45.184 401 ms;1;0;0;1
45.185 001 ms;1;1;0;1
45.185 401 ms;1;0;0;1
45.186 001 ms;1;1;0;1
45.186 401 ms;1;0;0;1
45.187 001 ms;1;1;0;1
45.187 401 ms;1;0;0;1
45.188 001 ms;1;1;0;1
45.188 401 ms;1;0;0;1
45.189 001 ms;1;1;0;1
45.189 401 ms;1;0;0;1
45.190 001 ms;1;1;0;1
45.193 001 ms;1;0;0;1
45.193 401 ms;1;1;0;1
45.194 001 ms;1;0;0;1
45.194 401 ms;1;1;0;1
45.195 001 ms;1;0;0;1
45.195 401 ms;1;1;0;1
45.196 001 ms;1;0;0;1
45.196 401 ms;1;1;0;1
45.197 001 ms;1;0;0;1
45.197 401 ms;1;1;0;1
45.198 001 ms;1;0;0;1
45.198 401 ms;1;1;0;1
45.199 001 ms;1;0;0;1
45.199 401 ms;1;1;0;1
45.200 001 ms;1;0;0;1
45.200 401 ms;1;1;0;1
45.203 601 ms;1;0;0;1
45.204 001 ms;1;1;0;1
45.204 601 ms;1;0;0;1
45.205 001 ms;1;1;0;1
45.205 601 ms;1;0;0;1
45.206 001 ms;1;1;0;1
45.206 601 ms;1;0;0;1
45.207 001 ms;1;1;0;1
45.207 601 ms;1;0;0;1
45.208 001 ms;1;1;0;1
45.208 601 ms;1;0;0;1
45.209 001 ms;1;1;0;1
45.209 601 ms;1;0;0;1
45.210 001 ms;1;1;0;1
45.210 601 ms;1;0;0;1
45.211 001 ms;1;1;0;1
45.214 001 ms;1;0;0;1
45.214 601 ms;1;1;0;1
45.215 001 ms;1;0;0;1
45.215 601 ms;1;1;0;1
45.216 001 ms;1;0;0;1
45.216 601 ms;1;1;0;1
45.217 001 ms;1;0;0;1
45.217 601 ms;1;1;0;1
45.218 001 ms;1;0;0;1
45.218 601 ms;1;1;0;1
45.219 001 ms;1;0;0;1
45.219 601 ms;1;1;0;1
45.220 001 ms;1;0;0;1
45.220 601 ms;1;1;0;1
45.221 001 ms;1;0;0;1
45.221 601 ms;1;1;0;1
45.224 601 ms;1;0;0;1
45.225 001 ms;1;1;0;1
45.225 601 ms;1;0;0;1
45.226 001 ms;1;1;0;1
45.226 601 ms;1;0;0;1
45.227 001 ms;1;1;0;1
45.227 601 ms;1;0;0;1
45.228 001 ms;1;1;0;1
45.228 601 ms;1;0;0;1
45.229 001 ms;1;1;0;1
45.229 601 ms;1;0;0;1
45.230 001 ms;1;1;0;1
45.230 601 ms;1;0;0;1
45.231 001 ms;1;1;0;1
45.231 601 ms;1;0;0;1
45.232 001 ms;1;1;0;1
45.235 201 ms;1;0;0;1
45.235 601 ms;1;1;0;1
45.236 201 ms;1;0;0;1
45.236 601 ms;1;1;0;1
45.237 201 ms;1;0;0;1
45.237 601 ms;1;1;0;1
45.238 201 ms;1;0;0;1
45.238 601 ms;1;1;0;1
45.239 201 ms;1;0;0;1
45.239 601 ms;1;1;0;1
45.240 201 ms;1;0;0;1
45.240 601 ms;1;1;0;1
45.241 201 ms;1;0;0;1
45.241 601 ms;1;1;0;1
45.242 201 ms;1;0;0;1
45.242 601 ms;1;1;0;1
45.245 601 ms;1;0;0;1
45.246 201 ms;1;1;0;1
45.246 601 ms;1;0;0;1
45.247 201 ms;1;1;0;1
45.247 601 ms;1;0;0;1
45.248 201 ms;1;1;0;1
45.248 601 ms;1;0;0;1
45.249 201 ms;1;1;0;1
45.249 601 ms;1;0;0;1
45.250 201 ms;1;1;0;1
45.250 601 ms;1;0;0;1
45.251 201 ms;1;1;0;1
45.251 601 ms;1;0;0;1
45.252 201 ms;1;1;0;1
45.252 601 ms;1;0;0;1
45.253 201 ms;1;1;0;1
45.256 201 ms;1;0;0;1
45.256 801 ms;1;1;0;1
45.257 201 ms;1;0;0;1
45.257 801 ms;1;1;0;1
45.258 201 ms;1;0;0;1
45.258 801 ms;1;1;0;1
45.259 201 ms;1;0;0;1
45.259 801 ms;1;1;0;1
45.260 201 ms;1;0;0;1
45.260 801 ms;1;1;0;1
45.261 201 ms;1;0;0;1
45.261 801 ms;1;1;0;1
45.262 201 ms;1;0;0;1
45.262 801 ms;1;1;0;1
45.263 201 ms;1;0;0;1
45.263 801 ms;1;1;0;1
45.266 801 ms;1;0;0;1
45.267 201 ms;1;1;0;1
45.267 801 ms;1;0;0;1
45.268 201 ms;1;1;0;1
45.268 801 ms;1;0;0;1
45.269 201 ms;1;1;0;1
45.269 801 ms;1;0;0;1
45.270 201 ms;1;1;0;1
45.270 801 ms;1;0;0;1
45.271 201 ms;1;1;0;1
45.271 801 ms;1;0;0;1
45.272 201 ms;1;1;0;1
45.272 801 ms;1;0;0;1
45.273 201 ms;1;1;0;1
45.273 801 ms;1;0;0;1
45.274 201 ms;1;1;0;1
45.277 201 ms;1;0;0;1
45.277 801 ms;1;1;0;1
45.278 201 ms;1;0;0;1
45.278 801 ms;1;1;0;1
45.279 201 ms;1;0;0;1
45.279 801 ms;1;1;0;1
45.280 201 ms;1;0;0;1
45.280 801 ms;1;1;0;1
45.281 201 ms;1;0;0;1
45.281 801 ms;1;1;0;1
45.282 201 ms;1;0;0;1
45.282 801 ms;1;1;0;1
45.283 201 ms;1;0;0;1
45.283 801 ms;1;1;0;1
45.284 201 ms;1;0;0;1
45.284 801 ms;1;1;0;1
45.287 801 ms;1;0;0;1
45.288 401 ms;1;1;0;1
45.288 801 ms;1;0;0;1
45.289 401 ms;1;1;0;1
45.289 801 ms;1;0;0;1
45.290 401 ms;1;1;0;1
45.290 801 ms;1;0;0;1
45.291 401 ms;1;1;0;1
45.291 801 ms;1;0;0;1
45.292 401 ms;1;1;0;1
45.292 801 ms;1;0;0;1
45.293 401 ms;1;1;0;1
45.293 801 ms;1;0;0;1
45.294 401 ms;1;1;0;1
45.294 801 ms;1;0;0;1
45.295 401 ms;1;1;0;1
45.297 601 ms;1;1;1;1
52.377 601 ms;1;1;1;1
